Last Name,First Name,Email,Phone,Role
Byrd,Allen,allen@cg-wire.com,,user
Cooper,Alicia,alicia@cg-wire.com,,user
Kennedy,Ann,ann@cg-wire.com,,user
Mason,Brennan,brennan@cg-wire.com,,user
Penna,David,david@cg-wire.com,,user
Rousseau,Frank,frank@cg-wire.com,,admin
Shelton,Rachel,rachel@cg-wire.com,,manager
